{
  "target_name": "GDS_R2",
  "classes": [
    1,
    2,
    3
  ],
  "X_shape": [
    1119,
    15
  ],
  "Y_shape": [
    1119,
    3
  ],
  "device": "cpu",
  "config": {
    "hidden_dim": 32,
    "dropout": 0.3,
    "learning_rate": 0.001,
    "weight_decay": 0.0,
    "batch_size": 32,
    "epochs": 10,
    "threshold": 0.5,
    "outer_folds": 5,
    "inner_folds": 3,
    "seed": 42
  },
  "outer_folds": [
    {
      "outer_fold": 1,
      "best_params": {
        "hidden_dim": 32,
        "learning_rate": 0.01,
        "dropout": 0.3,
        "weight_decay": 0,
        "batch_size": 32
      },
      "uncertainty": {
        "mean_variance_per_class": [
          0.00451911985874176,
          0.005248489789664745,
          0.0028465911746025085
        ],
        "mean_variance_global": 0.004204732831567526,
        "mean_prediction": [
          0.5626757740974426,
          0.2920375466346741,
          0.15704379975795746
        ]
      },
      "inner_hamming_mean": 0.18696300619265313,
      "inner_hamming_std": 0.001708102789627705,
      "inner_ema_mean": 0.6715113016542839,
      "inner_f1_mean": 0.6218480633962271,
      "outer_hamming_loss": 0.16517857142857142,
      "outer_exact_match": 0.7276785714285714,
      "outer_f1_macro": 0.6697897054944327,
      "final_train_loss": 0.39386886298323476,
      "train_losses": [
        0.5420505529675403,
        0.4318627550282292,
        0.42286308903933906,
        0.413262343007093,
        0.40745922034013204,
        0.40308900974982276,
        0.40593715173572137,
        0.3999488290128761,
        0.39730530168091116,
        0.39386886298323476
      ]
    },
    {
      "outer_fold": 2,
      "best_params": {
        "hidden_dim": 64,
        "learning_rate": 0.01,
        "dropout": 0.3,
        "weight_decay": 0.0001,
        "batch_size": 16
      },
      "uncertainty": {
        "mean_variance_per_class": [
          0.0031341142021119595,
          0.00305116712115705,
          0.0018161683110520244
        ],
        "mean_variance_global": 0.002667149528861046,
        "mean_prediction": [
          0.5491012334823608,
          0.30636709928512573,
          0.14597448706626892
        ]
      },
      "inner_hamming_mean": 0.17317730740549533,
      "inner_hamming_std": 0.012683658800857785,
      "inner_ema_mean": 0.6882561558663105,
      "inner_f1_mean": 0.6492853364570027,
      "outer_hamming_loss": 0.19196428571428573,
      "outer_exact_match": 0.6651785714285714,
      "outer_f1_macro": 0.6080240062482015,
      "final_train_loss": 0.38669375301073383,
      "train_losses": [
        0.4800146917058103,
        0.40575392972157653,
        0.38759758938624206,
        0.38282448666055774,
        0.3879600648107475,
        0.39522910824035135,
        0.38470754586784534,
        0.38684085267882107,
        0.3830976132574028,
        0.38669375301073383
      ]
    },
    {
      "outer_fold": 3,
      "best_params": {
        "hidden_dim": 64,
        "learning_rate": 0.01,
        "dropout": 0.2,
        "weight_decay": 0.0001,
        "batch_size": 32
      },
      "uncertainty": {
        "mean_variance_per_class": [
          0.0015357054071500897,
          0.001111592398956418,
          0.0008623818284831941
        ],
        "mean_variance_global": 0.0011698928428813815,
        "mean_prediction": [
          0.5832954049110413,
          0.22578904032707214,
          0.1759433001279831
        ]
      },
      "inner_hamming_mean": 0.1821171241947431,
      "inner_hamming_std": 0.006214239293223753,
      "inner_ema_mean": 0.6782040058958647,
      "inner_f1_mean": 0.6301648639170249,
      "outer_hamming_loss": 0.16964285714285715,
      "outer_exact_match": 0.6964285714285714,
      "outer_f1_macro": 0.6311076122010677,
      "final_train_loss": 0.3886419187710938,
      "train_losses": [
        0.5068165286959216,
        0.4149840125824486,
        0.4199536246294416,
        0.4011275833212464,
        0.3997643331908647,
        0.3982532791252243,
        0.40008668303489686,
        0.38965701700588845,
        0.39087342599916725,
        0.3886419187710938
      ]
    },
    {
      "outer_fold": 4,
      "best_params": {
        "hidden_dim": 32,
        "learning_rate": 0.01,
        "dropout": 0.2,
        "weight_decay": 0,
        "batch_size": 16
      },
      "uncertainty": {
        "mean_variance_per_class": [
          0.0022720664273947477,
          0.0020799869671463966,
          0.0012241591466590762
        ],
        "mean_variance_global": 0.0018587375525385141,
        "mean_prediction": [
          0.5349499583244324,
          0.2933366596698761,
          0.1703280508518219
        ]
      },
      "inner_hamming_mean": 0.17767153250082926,
      "inner_hamming_std": 0.011655591544312807,
      "inner_ema_mean": 0.6770779556014456,
      "inner_f1_mean": 0.628463029084592,
      "outer_hamming_loss": 0.18303571428571427,
      "outer_exact_match": 0.6696428571428571,
      "outer_f1_macro": 0.6441881419150471,
      "final_train_loss": 0.3823290516211334,
      "train_losses": [
        0.48401443711872205,
        0.4128228535865272,
        0.40329908545456783,
        0.39584182117904365,
        0.39346897402289194,
        0.3829273698050217,
        0.3940963386823345,
        0.3915592891876924,
        0.38475820833411295,
        0.3823290516211334
      ]
    },
    {
      "outer_fold": 5,
      "best_params": {
        "hidden_dim": 64,
        "learning_rate": 0.01,
        "dropout": 0.5,
        "weight_decay": 0.0001,
        "batch_size": 32
      },
      "uncertainty": {
        "mean_variance_per_class": [
          0.004666968248784542,
          0.004196617286652327,
          0.002606895985081792
        ],
        "mean_variance_global": 0.003823493141680956,
        "mean_prediction": [
          0.5936152935028076,
          0.2615385949611664,
          0.162294402718544
        ]
      },
      "inner_hamming_mean": 0.1681630790180542,
      "inner_hamming_std": 0.007268499203398619,
      "inner_ema_mean": 0.6964190852431296,
      "inner_f1_mean": 0.664533010220936,
      "outer_hamming_loss": 0.21674140508221226,
      "outer_exact_match": 0.6233183856502242,
      "outer_f1_macro": 0.5476791658815402,
      "final_train_loss": 0.3852122000285557,
      "train_losses": [
        0.4820771398288863,
        0.4159188909190042,
        0.4058694307293211,
        0.39937071608645575,
        0.39270032037581715,
        0.38634308108261656,
        0.3895348289183208,
        0.3887816502579621,
        0.38730755022593905,
        0.3852122000285557
      ]
    }
  ],
  "summary": {
    "mean_hamming_loss": 0.18531256914138794,
    "std_hamming_loss": 0.018374541774392128,
    "mean_exact_match": 0.6764494180679321,
    "std_exact_match": 0.03469831496477127,
    "mean_f1_macro": 0.6201577186584473,
    "std_f1_macro": 0.041378892958164215
  }
}